x,y,t_est
88.364456,57.784378,6.0
74.283936,54.40678,7.033540260222481
60.256474,46.311462,8.067080520444962
82.13437,57.717567,9.100620780667445
101.03639,67.84934,10.134161040889925
69.284134,48.406086,11.167701301112409
77.81013,57.588833,12.20124156133489
91.29688,63.03135,13.23478182155737
107.66841,65.91405,14.268322081779852
76.40689,56.871525,15.301862342002334
72.313515,51.168285,16.335402602224818
100.56871,68.07376,17.368942862447298
85.40742,57.31956,18.40248312266978
65.73637,47.454475,19.43602338289226
78.559,57.776672,20.46956364311474
102.01643,67.376236,21.503103903337223
92.44081,67.234024,22.536644163559703
102.319664,67.23141,23.570184423782184
73.051186,52.32614,24.603724684004668
70.23932,48.974834,25.637264944227148
88.56056,57.891556,26.670805204449632
91.96877,65.819046,27.704345464672112
86.83264,57.347816,28.737885724894593
92.62934,67.65634,29.771425985117073
104.750336,66.19454,30.804966245339553
73.5264,53.136063,31.838506505562034
93.27278,68.66579,32.258929681331566
71.30269,49.905098,32.258929713476206
64.975815,47.35335,32.25892974562084
89.05592,58.24083,32.25892977776548
100.71979,68.00157,32.25892980991012
106.31808,65.80417,32.25892984205476
108.06331,66.10597,32.2589298741994
67.84049,47.865753,32.258929906344044
82.02788,57.731422,32.258929938488684
98.86425,68.84363,32.25892997063332
72.67582,51.715893,32.25893000277796
97.88674,69.218376,32.2589300349226
88.70565,57.981354,32.25893006706724
70.66043,49.300117,32.25893009921188
95.17704,69.66583,32.25893013135652
90.98131,61.803932,32.25893016350116
74.11193,54.128273,32.2589301956458
67.423485,47.758686,32.25893022779044
75.07062,55.54406,32.25893025993508
93.32456,68.72479,32.25893029207972
92.49515,67.36309,32.25893032422436
109.09305,67.57011,32.258930356369
74.6767,55.005707,32.25893038851364
84.74091,57.372154,32.25893042065828
83.09207,57.584,32.25893045280292
78.128586,57.682087,32.258930484947555
65.000305,47.356487,32.258930517092196
92.592575,67.57944,32.25893054923684
94.47159,69.50913,32.25893058138148
84.89339,57.357613,32.25893061352612
92.58727,67.568146,32.25893064567076
89.3978,58.564568,32.25893067781539
85.80336,57.30451,32.25893070996003
109.05394,67.45857,32.258930742104674
72.61481,51.620525,32.258930774249315
84.3335,57.416786,32.258930806393955
91.34593,63.23906,32.258930838538596
91.305405,63.06719,32.25893087068323
62.731583,47.02679,32.25893090282787
84.717255,57.374527,32.25893093497251
108.320114,66.29982,32.25893096711715
93.38754,68.792984,32.25893099926179
87.94448,57.602074,32.25893103140643
74.52983,54.788445,32.25893106355107
98.66312,68.92605,32.25893109569571
73.594505,53.253242,32.25893112784035
84.93126,57.354206,32.25893115998499
67.8154,47.858814,32.25893119212963
73.32133,52.783768,32.25893122427427
70.60834,49.25702,32.258931256418904
84.30343,57.420364,32.258931288563545
89.181885,58.35109,32.258931320708186
71.52109,50.144382,32.25893135285283
102.03093,67.36928,32.25893138499747
92.67618,67.75073,32.25893141714211
96.70082,69.55569,32.25893144928675
63.39724,47.13958,32.25893148143139
73.5922,53.24928,32.25893151357603
87.72062,57.527298,32.258931545720664
91.83847,65.328674,32.258931577865305
100.10727,68.291534,32.258931610009945
72.33709,51.20249,32.258931642154586
71.38096,49.98879,32.25893167429923
79.996185,57.89074,32.25893170644387
66.2157,47.525764,32.25893173858851
94.11699,69.35312,32.25893177073315
106.67454,65.77663,32.25893180287779
65.80095,47.463623,32.25893183502243
104.915665,66.138336,32.25893186716707
68.09816,47.941082,32.258931899311705
76.40583,56.87075,32.258931931456345
97.43371,69.365585,32.258931963600986
91.13893,62.39004,32.25893199574563
64.61357,47.307106,32.25893202789027
75.18191,55.68387,32.25893206003491
79.86053,57.89057,32.25893209217955
106.91785,65.777115,32.25893212432419
80.97552,57.84513,32.25893215646883
75.69756,56.260036,32.25893218861347
104.00347,66.47797,32.258932220758105
85.33286,57.3239,32.258932252902746
62.00487,46.874073,32.258932285047386
60.975353,46.582985,32.25893231719203
64.781975,47.3286,32.25893234933667
68.08688,47.937626,32.25893238148131
67.83224,47.863464,32.25893241362595
105.982315,65.85555,32.25893244577059
73.884186,53.748222,32.258932477915224
86.084404,57.303146,32.258932510059864
74.4463,54.66118,32.258932542204505
105.78893,65.89461,32.258932574349146
107.52535,65.8685,32.25893260649379
73.66033,53.366364,32.25893263863843
64.37273,47.276096,32.25893267078307
73.5063,53.101463,32.2589327029277
63.259483,47.117928,32.25893273507234
94.03549,69.30809,32.25893276721698
68.93807,48.247204,32.258932799361624
91.60011,64.34067,32.258932831506264
78.77941,57.81267,32.258932863650905
75.13112,55.620747,32.258932895795546
66.16168,47.517296,32.25893292794019
65.39946,47.408455,32.25893296008482
87.790306,57.549076,32.25893299222946
72.77513,51.87362,32.2589330243741
91.200226,62.633213,32.25893305651874
102.7788,67.01567,32.25893308866338
76.0424,56.58198,32.258933120808024
75.27876,55.80104,32.258933152952665
87.3976,57.442387,32.258933185097305
102.9538,66.93498,32.258933217241946
87.94472,57.60216,32.25893324938659
74.40376,54.595406,32.25893328153123
73.56321,53.199406,32.25893331367586
95.13926,69.66168,32.2589333458205
103.97244,66.49064,32.25893337796514
65.96929,47.48809,32.25893341010978
81.25386,57.820103,32.258933442254424
86.36154,57.31073,32.258933474399065
92.42379,67.19231,32.258933506543706
68.11478,47.946205,32.258933538688346
71.20676,49.8056,32.25893357083299
108.45938,66.43607,32.25893360297763
93.277695,68.67151,32.25893363512227
67.05038,47.676136,32.2589336672669
79.78789,57.88972,32.25893369941154
74.87908,55.29064,32.25893373155618
79.49469,57.880463,32.27353253073303
89.37785,58.54345,32.29963338878373
106.95904,65.77898,32.32573424683444
80.78044,57.8599,32.35183510488515
98.47919,68.99922,32.37793596293585
84.019806,57.455715,32.404036820986555
73.8353,53.665348,32.43013767903726
80.66119,57.867683,32.45623853708796
76.77666,57.116966,32.482339395138666
74.26545,54.377274,32.50844025318937
69.432274,48.48101,32.534541111240074
63.283775,47.121803,32.56064196929078
63.616543,47.172565,32.58674282734148
72.93113,52.12703,32.61284368539219
81.7729,57.7632,32.638944543442896
71.50804,50.129574,32.6650454014936
93.61654,69.01099,32.691146259544304
90.27472,59.875393,32.71724711759501
84.668304,57.37953,32.74334797564571
65.262024,47.390335,32.769448833696416
101.74204,67.508316,32.79554969174712
99.37213,68.62584,32.82165054979782
73.00548,52.24997,32.84775140784853
92.74753,67.887184,32.87385226589924
74.56288,54.83807,32.89995312394994
108.43132,66.40654,32.92207250008277
76.15849,56.679646,32.92207253222741
73.49158,53.07614,32.92207256437205
108.5905,66.59001,32.92207259651669
93.21804,68.60042,32.92207262866133
90.96892,61.76042,32.92207266080597
88.533585,57.875877,32.92207269295061
106.84482,65.77513,32.92207272509525
75.996254,56.541702,32.92207275723989
108.8618,67.01758,32.92207278938453
94.893555,69.6239,32.92207282152917
109.11921,67.65021,32.92207285367381
62.290203,46.9384,32.92207288581845
108.11298,66.13849,32.92207291796309
68.867386,48.21734,32.92207295010773
92.12111,66.33725,32.922072982252374
68.91644,48.237976,32.922073014397014
96.1428,69.64946,32.92207304654165
81.79806,57.760162,32.92207307868629
90.74434,61.036118,32.92207311083093
71.67781,50.327328,32.92207314297557
85.39762,57.320107,32.92207317512021
95.05159,69.650406,32.92207320726485
89.69113,58.91278,32.92207323940949
86.577896,57.323666,32.92207327155413
108.88264,67.05848,32.922073303698774
90.68565,60.866447,32.922073335843415
97.15971,69.44433,32.92207336798805
66.14101,47.514088,32.92207340013269
108.9283,67.15332,32.92207343227733
65.798256,47.46324,32.92207346442197
78.87851,57.82636,32.92207349656661
60.722965,46.49486,32.92207352871125
89.374695,58.540127,32.92207356085589
64.84805,47.33703,32.92207359300053
62.297134,46.939888,32.92207362514517
72.50768,51.456062,32.92207365728981
75.22398,55.73528,32.92207368943445
92.5421,67.46969,32.92207372157909
91.76163,65.02105,32.92207375372373
69.87601,48.73332,32.92207378586837
90.026215,59.413406,32.92207381801301
91.29399,63.01921,32.92207385015765
67.267746,47.722847,32.922073882302286
66.251755,47.531487,32.922073914446926
88.24255,57.725243,32.92207394659157
62.820454,47.043148,32.92207397873621
62.73942,47.02825,32.92207401088085
68.796814,48.188347,32.92207404302549
92.12008,66.33395,32.92207407517013
64.82164,47.33366,32.922074107314764
59.841995,46.123955,32.922074139459404
77.25728,57.37197,32.922074171604045
79.44801,57.878082,32.922074203748686
76.39547,56.863194,32.92207423589333
87.33865,57.429527,32.92207426803797
62.4294,46.967644,32.92207430018261
91.37279,63.354008,32.92207433232725
91.049194,62.049133,32.92207436447188
90.173035,59.67565,32.92207439661652
73.6677,53.379017,32.922074428761164
77.249405,57.368324,32.922074460905804
80.15135,57.888752,32.922074493050445
83.94881,57.46496,32.922074525195086
108.97946,67.269,32.92207455733973
90.77887,61.139618,32.92207458948437
96.19858,69.64244,32.922074621629
108.233795,66.22717,32.92207465377364
107.11398,65.79105,32.92207468591828
95.94585,69.66956,32.92207471806292
69.41282,48.47092,32.922074750207564
103.511894,66.6853,32.922074782352205
90.42824,60.208614,32.922074814496845
95.237015,69.67156,32.922074846641486
99.81618,68.426125,32.92207487878612
70.455025,49.13498,32.92207491093076
101.509,67.62091,32.9220749430754
63.73288,47.189407,32.92207497522004
92.998146,68.30362,32.92207500736468
80.008644,57.890663,32.92207503950932
86.428856,57.31406,32.922075071653964
100.82977,67.948814,32.922075103798605
96.847244,69.52318,32.922075135943246
74.652145,54.969982,32.92207516808788
61.066086,46.612896,32.92207520023252
92.36841,67.052155,32.92207523237716
88.572655,57.898685,32.9220752645218
77.57456,57.50553,32.92207529666644
70.86509,49.477745,32.92207532881108
73.710464,53.452335,32.92207536095572
91.25897,62.87323,32.922075393100364
102.26785,67.256035,32.922075425245005
86.29464,57.30802,32.922075457389646
66.691666,47.606483,32.922075489534286
67.401405,47.75348,32.92207552167893
89.673546,58.889763,32.92207555382356
75.80003,56.360825,32.9220755859682
89.972694,59.32484,32.92207561811284
107.98245,66.0575,32.92207565025748
60.397987,46.370056,32.922075682402124
90.2498,59.824986,32.922075714546764
76.785515,57.122295,32.922075746691405
103.911285,66.51577,32.922075778836046
74.90802,55.329956,32.92207581098069
92.933075,68.20419,32.92207584312533
70.27634,49.001396,32.92207587526996
87.874054,57.57702,32.9220759074146
92.40972,67.15736,32.92207593955924
98.88393,68.835434,32.92207597170388
78.39067,57.743687,32.922076003848524
102.309204,67.23637,32.922076035993165
79.44081,57.87769,32.922076068137805
85.28304,57.327034,32.92207610028244
60.90506,46.55918,32.92207613242708
70.797195,49.41732,32.92207616457172
73.06592,52.350796,32.92207619671636
67.66361,47.81824,32.922076228861
77.43954,57.45182,32.92207626100564
94.51079,69.52278,32.92207629315028
106.62866,65.7784,32.922076325294924
88.09761,57.66174,32.92207635743956
89.39226,58.558678,32.9220763895842
61.616455,46.775974,32.92207642172884
106.319016,65.804054,32.92207645387348
62.7649,47.032974,32.92207648601812
64.595535,47.3048,32.92207651816276
104.239914,66.38359,32.9220765503074
99.524216,68.55829,32.92207658245204
90.66366,60.804863,32.922076614596676
72.28844,51.132133,32.92207664674132
94.44414,69.499176,32.92207667888596
68.64038,48.1269,32.9220767110306
92.69243,67.78257,32.92207674317524
94.68503,69.57575,32.92207677531988
70.26659,48.994358,32.92207680746452
104.274055,66.370285,32.922076839609154
79.4138,57.876167,32.922076871753795
81.50524,57.79402,32.922076903898436
93.096344,68.44329,32.92207693604308
77.229965,57.35925,32.92207696818772
65.51477,47.42392,32.92207700033236
69.378174,48.45314,32.922077032477
87.4516,57.454853,32.92207706462164
81.048904,57.83896,32.92207709676627
88.20528,57.70822,32.922077128910914
83.776,57.488,32.922077161055554
83.94396,57.46559,32.922077193200195
65.93984,47.48374,32.922077225344836
70.21596,48.95827,32.92207725748948
82.9376,57.606106,32.92207728963412
89.321144,58.485,32.92207732177876
62.5077,46.98352,32.92207735392339
73.66999,53.382942,32.92207738606803
64.68513,47.31625,32.92207741821267
87.32826,57.427334,32.922077450357314
65.08573,47.367462,32.922077482501955
91.49481,63.88324,32.922077514646595
75.22975,55.742268,32.922077546791236
71.975784,50.701736,32.92207757893588
76.896385,57.1869,32.92207761108051
102.75618,67.02618,32.92207764322515
74.49072,54.72918,32.92207767536979
85.680405,57.30765,32.92207770751443
108.2257,66.22078,32.92207773965907
75.2616,55.78057,32.922077771803714
96.17354,69.64566,32.922077803948355
75.10692,55.590275,32.92207783609299
86.42436,57.31382,32.92207786823763
82.18588,57.71076,32.92207790038227
85.36704,57.321854,32.92207793252691
92.37315,67.064415,32.92207796467155
97.39812,69.37628,32.92207799681619
86.3952,57.31232,32.92207802896083
88.03941,57.6382,32.92207806110547
81.61376,57.781876,32.92207809325011
109.1712,67.82467,32.92207812539475
94.671165,69.571976,32.92207815753939
105.836685,65.88438,32.92207818968403
60.13468,46.258873,32.92207822182867
106.91206,65.7769,32.92207825397331
78.7502,57.80835,32.92207828611795
90.17346,59.676453,32.92207831826259
75.03909,55.503464,32.922078350407226
63.017246,47.07784,32.92207838255187
87.971695,57.612152,32.92207841469651
83.36291,57.545387,32.92207844684115
76.465996,56.913887,32.92207847898579
98.47157,69.0022,32.92207851113043
63.293552,47.123356,32.92207854327507
91.36345,63.313972,32.92207857541971
67.70365,47.828712,32.922078607564345
108.97833,67.26634,32.922078639708985
76.536995,56.963158,32.922078671853626
89.993866,59.35945,32.92207870399827
90.68078,60.852715,32.92207873614291
84.48042,57.39982,32.92207876828755
104.75719,66.192154,32.92207880043219
75.93179,56.48401,32.92207883257682
74.25791,54.3652,32.92207886472146
95.47139,69.68443,32.922078896866104
66.915474,47.648926,32.922078929010745
64.950615,47.35013,32.922078961155385
99.93589,68.37108,32.922078993300026
69.47873,48.505417,32.92207902544467
70.85028,49.464436,32.92207905758931
107.775665,65.95579,32.92207908973394
93.13153,68.49046,32.92207912187858
96.121155,69.65203,32.92207915402322
87.57619,57.48619,32.92207918616786
90.154015,59.639984,32.922079218312504
108.58771,66.58643,32.922079250457145
92.21913,66.63875,32.922079282601786
91.19661,62.61863,32.922079314746426
99.95255,68.36338,32.92207934689106
60.347546,46.349476,32.9220793790357
89.694115,58.916718,32.92207941118034
64.39439,47.278908,32.92207944332498
63.84976,47.205925,32.92207947546962
86.998276,57.36927,32.922079507614264
61.12748,46.632626,32.922079539758904
89.4724,58.646294,32.92207957190354
85.695496,57.30719,32.92207960404818
71.49108,50.110435,32.92207963619282
91.66434,64.61559,32.92207966833746
94.34387,69.45993,32.9220797004821
97.142685,69.44894,32.92207973262674
87.99004,57.61907,32.92207976477138
62.495224,46.981018,32.92207979691602
85.49915,57.314842,32.92207982906066
80.33759,57.883514,32.9220798612053
92.62985,67.657394,32.92207989334994
70.42611,49.112743,32.92207992549458
84.324425,57.417862,32.92207995763922
83.71477,57.496323,32.92207998978386
59.839375,46.122692,32.9220800219285
100.65938,68.03047,32.92208005407314
83.208374,57.56737,32.922080086217775
100.0634,68.31197,32.922080118362416
64.75923,47.325703,32.92208015050706
88.327545,57.7659,32.9220801826517
106.79958,65.77472,32.92208021479634
91.09119,62.20636,32.92208024694098
77.039,57.26452,32.92208027908562
108.69649,66.736824,32.92208031123026
60.147415,46.26447,32.922080343374894
70.53592,49.198494,32.922080375519535
109.16109,67.78894,32.922080407664176
67.29219,47.728336,32.922080439808816
77.498215,57.47571,32.92208047195346
69.952415,48.781338,32.9220805040981
109.23152,68.058586,32.92208053624274
97.67729,69.28889,32.92208056838737
61.88685,46.845615,32.92208060053201
88.07303,57.651665,32.92208063267665
91.84337,65.347855,32.922080664821294
97.819046,69.24161,32.922080696965935
60.637165,46.46319,32.922080729110576
90.533325,60.46108,32.922080761255216
102.37935,67.20309,32.92208079339986
90.95332,61.70615,32.92208082554449
90.142395,59.618473,32.92208085768913
72.07845,50.83886,32.92208088983377
63.339672,47.130627,32.92208092197841
106.090744,65.836555,32.922080954123054
91.19957,62.630554,32.922080986267694
75.1933,55.697865,32.922081018412335
73.36992,52.867035,32.922081050556976
59.97834,46.18834,32.92208108270161
104.58249,66.254265,32.92208111484625
93.471085,68.877754,32.92208114699089
97.94429,69.19832,32.92208117913553
74.18652,54.250084,32.92208121128017
66.897644,47.645424,32.92208124342481
101.69692,67.5301,32.922081275569454
107.99879,66.066864,32.922081307714095
77.5509,57.49644,32.92208133985873
93.02741,68.34651,32.92208137200337
103.23123,66.80925,32.92208140414801
71.173195,49.771584,32.92208143629265
86.28685,57.307743,32.92208146843729
91.41611,63.540955,32.92208150058193
90.98685,61.823547,32.92208153272657
109.02727,67.38749,32.922081564871206
98.192055,69.10881,32.92208159701585
65.541695,47.427567,32.92208162916049
70.486595,49.159534,32.92208166130513
99.25664,68.67647,32.92208169344977
92.77989,67.94629,32.92208172559441
72.92796,52.12182,32.92208175773905
68.43725,48.052586,32.92208178988369
108.792175,66.89052,32.922081822028325
65.111694,47.37081,32.922081854172966
80.72796,57.86345,32.922081886317606
86.27493,57.307335,32.92208191846225
108.9266,67.14965,32.92208195060689
90.42641,60.204388,32.92208198275153
61.57305,46.764187,32.92208201489617
84.64991,57.38144,32.92208204704081
60.062675,46.226814,32.922082079185444
91.39406,63.445595,32.922082111330084
72.29997,51.148727,32.922082143474725
96.78804,69.53668,32.922082175619366
72.736084,51.81124,32.92208220776401
103.11453,66.861786,32.92208223990865
105.00918,66.10778,32.92208227205329
77.25473,57.37079,32.92208230419792
76.58755,56.997185,32.92208233634256
83.2125,57.56678,32.9220823684872
74.66855,54.993874,32.922082400631844
98.0049,69.17688,32.922082432776484
87.03318,57.374413,32.922082464921125
65.07935,47.366642,32.922082497065766
69.02798,48.286415,32.92208252921041
65.215256,47.38423,32.92208256135504
108.0334,66.08742,32.92208259349968
94.31137,69.4462,32.92208262564432
107.57962,65.88449,32.92208265778896
94.897156,69.624596,32.9220826899336
100.7065,68.007935,32.922082722078244
92.35725,67.023056,32.922082754222885
94.18422,69.38751,32.922082786367525
101.72847,67.51486,32.92208281851216
95.8431,69.676994,32.9220828506568
61.723045,46.80419,32.92208288280144
106.574036,65.78123,32.92208291494608
108.751526,66.8225,32.92208294709072
60.43008,46.382977,32.92208297923536
108.57575,66.57127,32.92208301138
64.26614,47.26218,32.922083043524644
71.689354,50.34118,32.92208307566928
101.43974,67.65442,32.92208310781392
100.57817,68.069244,32.92208313995856
74.50287,54.74765,32.9220831721032
102.601295,67.09846,32.92208320424784
95.039154,69.648605,32.92208323639248
80.72862,57.863403,32.92208326853712
62.415585,46.9648,32.92208330068176
88.9239,58.13536,32.9220833328264
64.06153,47.234978,32.922083364971044
104.307014,66.35753,32.92208339711568
101.23044,67.75564,32.92208342926032
73.213745,52.60025,32.92208346140496
66.00879,47.493973,32.9220834935496
89.58458,58.777718,32.92208352569424
70.43822,49.122025,32.92208355783888
69.982025,48.80033,32.92208358998352
78.67741,57.79699,32.92208362212816
91.83649,65.32091,32.922083654272804
64.95546,47.350746,32.922083686417444
71.93901,50.653633,32.922083718562085
65.86787,47.47324,32.92208375070672
92.43127,67.21072,32.92208378285136
90.68312,60.85933,32.922083814996
80.35068,57.883034,32.92208384714064
90.47276,60.313026,32.92208387928528
73.8731,53.729454,32.92208391142992
77.55532,57.498146,32.92208394357456
91.09712,62.228897,32.922083975719204
105.5641,65.94757,32.922084007863845
82.168396,57.713078,32.922084040008485
96.435326,69.60661,32.92208407215312
94.53585,69.531166,32.92208410429776
88.86307,58.089996,32.9220841364424
77.83441,57.596706,32.92208416858704
73.236725,52.639343,32.92208420073168
107.81581,65.973236,32.92208423287632
78.99194,57.840218,32.92208426502096
90.56072,60.53042,32.9220842971656
75.884094,56.44023,32.92208432931024
77.1286,57.31024,32.92208436145488
81.77484,57.76297,32.92208439359952
104.22193,66.390625,32.92208442574416
71.02401,49.62521,32.9220844578888
91.43157,63.60803,32.92208449003344
95.125946,69.660126,32.92208452217808
106.54651,65.78294,32.922084554322716
83.06877,57.587334,32.922084586467356
103.004105,66.91198,32.922084618612
86.875885,57.35296,32.92208465075664
83.05893,57.588745,32.92208468290128
83.46822,57.530525,32.92208471504592
108.08395,66.119225,32.92208474719056
63.58079,47.167305,32.9220847793352
89.38669,58.552773,32.922084811479834
108.690865,66.72847,32.922084843624475
73.95118,53.861115,32.922084875769116
83.51262,57.5243,32.92208490791376
91.512886,63.962044,32.9220849400584
98.40002,69.03002,32.92208497220304
99.7871,68.439415,32.92208500434768
77.459274,57.459953,32.92208503649231
75.331985,55.863655,32.92208506863695
68.97483,48.26307,32.922085100781594
108.617355,66.62514,32.922085132926235
75.59129,56.1508,32.922085165070875
87.94819,57.60343,32.922085197215516
88.749664,58.010506,32.92208522936016
81.34161,57.811344,32.9220852615048
84.76715,57.36956,32.92208529364943
73.57217,53.214813,32.92208532579407
94.08592,69.336395,32.92208535793871
90.851524,61.366608,32.92208539008335
96.14155,69.64961,32.922085422227994
65.72508,47.45289,32.922085454372635
64.80665,47.33175,32.922085486517275
69.514786,48.524673,32.922085518661916
103.56291,66.66317,32.92208555080655
78.61897,57.78725,32.92208558295119
108.37656,66.35202,32.92208561509583
67.16323,47.69993,32.92208564724047
72.97366,52.197197,32.92208567938511
89.93677,59.267353,32.92208571152975
100.23461,68.23191,32.922085743674394
94.63124,69.5607,32.922085775819035
77.33009,57.404915,32.922085807963676
73.97333,53.89826,32.922085840108316
91.524704,64.01352,32.92208587225296
107.013916,65.78232,32.92208590439759
97.71262,69.277275,32.92208593654223
71.18136,49.77982,32.92208596868687
85.02605,57.346073,32.92208600083151
95.80946,69.67895,32.92208603297615
107.06502,65.78634,32.922086065120794
73.80681,53.616898,32.922086097265435
74.49812,54.740444,32.922086129410076
95.28337,69.67529,32.92208616155472
62.302025,46.940937,32.92208619369936
83.24202,57.562572,32.922086225844
75.65033,56.212082,32.92208625798863
93.46611,68.87289,32.92208629013327
89.843925,59.12573,32.92208632227791
89.38074,58.54648,32.922086354422554
94.69672,69.57887,32.922086386567194
100.69043,68.015625,32.922086418711835
80.62247,57.869995,32.922086450856476
96.78681,69.53696,32.92208648300112
92.98937,68.29054,32.92208651514576
88.21269,57.71157,32.92208654729039
104.55353,66.264824,32.92208657943503
90.45687,60.275326,32.92208661157967
64.24977,47.26003,32.92208664372431
92.2016,66.58662,32.922086675868954
94.81251,69.60705,32.922086708013595
84.18933,57.434258,32.922086740158235
107.67827,65.9176,32.922086772302876
80.38931,57.881535,32.92208680444751
69.65707,48.603363,32.92208683659215
95.539986,69.68551,32.92208686873679
95.196335,69.667786,32.92208690088143
102.68201,67.06071,32.92208693302607
78.28122,57.719532,32.92208696517071
60.184776,46.280754,32.922086997315354
90.20094,59.72892,32.92208702945999
74.76298,55.129288,32.92208706160463
69.83387,48.70744,32.92208709374927
65.2345,47.38674,32.92208712589391
88.59566,57.91242,32.92208715803855
84.237495,57.428337,32.92208719018319
90.82439,61.280334,32.92208722232783
80.953545,57.846912,32.92208725447247
90.03496,59.428215,32.922087286617106
96.37332,69.61691,32.92208731876175
90.58339,60.588936,32.92208735090639
94.82645,69.61011,32.92208738305103
70.6093,49.257812,32.92208741519567
86.12115,57.30362,32.92208744734031
61.838905,46.83373,32.92208747948495
60.43497,46.384933,32.92208751162959
63.404472,47.140697,32.922087543774225
83.94167,57.465893,32.922087575918866
92.522484,67.4257,32.92208760806351
92.51,67.39729,32.92208764020815
108.05853,66.10296,32.92208767235279
96.473976,69.59988,32.92208770449743
61.0614,46.611374,32.92208773664207
68.319565,48.012188,32.9220877687867
80.17167,57.88833,32.922087800931344
68.16829,47.962936,32.922087833075985
89.14569,58.318398,32.922087865220625
91.67175,64.64703,32.922087897365266
78.880356,57.8266,32.92208792950991
95.52234,69.68534,32.92208796165455
63.234077,47.113846,32.92208799379919
91.38946,63.42578,32.92208802594382
101.31495,67.714775,32.92208805808846
89.827515,59.1017,32.9220880902331
65.60025,47.435562,32.922088122377744
102.7888,67.01104,32.922088154522385
82.1103,57.720726,32.922088186667025
75.1078,55.591385,32.922088218811666
92.25764,66.75055,32.92208825095631
99.27986,68.666336,32.92208828310094
108.27411,66.26008,32.92208831524558
75.9808,56.528023,32.92208834739022
85.66717,57.308075,32.92208837953486
95.212036,69.669304,32.9220884116795
88.420784,57.81359,32.922088443824144
90.97214,61.77169,32.922088475968785
86.11294,57.303497,32.922088508113426
83.00083,57.597057,32.92208854025806
95.86464,69.67561,32.9220885724027
87.04689,57.376495,32.92208860454734
62.42662,46.96707,32.92208863669198
96.64554,69.56717,32.92208866883662
70.91681,49.5248,32.92208870098126
89.70112,58.925987,32.922088733125904
67.14601,47.69623,32.92208876527054
108.7751,66.861435,32.92208879741518
96.87378,69.516975,32.92208882955982
103.44414,66.7149,32.92208886170446
84.784294,57.367886,32.9220888938491
108.064285,66.1066,32.92208892599374
78.99724,57.84082,32.92208895813838
75.07477,55.549374,32.92208899028302
64.54359,47.29814,32.922089022427656
106.39838,65.795334,32.9220890545723
73.51332,53.11355,32.92208908671694
94.04462,69.31332,32.92208911886158
86.21326,57.305496,32.92208915100622
85.45016,57.317276,32.92208918315086
67.23327,47.71519,32.9220892152955
80.118805,57.889355,32.92208924744014
95.78493,69.68022,32.922089279584775
74.33629,54.489784,32.922089311729415
69.699036,48.627426,32.922089343874056
69.88797,48.74074,32.9220893760187
99.45998,68.586945,32.92208940816334
80.57764,57.872536,32.92208944030798
67.27801,47.725143,32.92208947245262
66.45993,47.565716,32.92208950459726
88.98872,58.185917,32.92208953674189
102.87527,66.97107,32.922089568886534
89.114716,58.29107,32.922089601031175
103.66346,66.61994,32.922089633175815
69.495834,48.51452,32.922089665320456
104.548,66.266846,32.9220896974651
76.76215,57.108192,32.92208972960974
93.71666,69.09297,32.92208976175437
91.92409,65.6556,32.92208979389901
79.28415,57.867607,32.92208982604365
90.17369,59.67689,32.92208985818829
72.17386,50.969986,32.922089890332934
80.188896,57.88794,32.922089922477575
91.94896,65.7472,32.922089954622216
61.372883,46.70753,32.922089986766856
71.50158,50.12227,32.92209001891149
63.63017,47.17456,32.92209005105613
101.726776,67.515686,32.92209008320077
90.375824,60.090282,32.92209011534541
91.53073,64.03978,32.92209014749005
66.54762,47.580795,32.922090179634694
90.31019,59.948853,32.922090211779334
79.13634,57.8552,32.922090243923975
90.2213,59.7685,32.92209027606861
93.804474,69.15888,32.92209030821325
91.59376,64.31324,32.92209034035789
91.87694,65.47777,32.92209037250253
72.1156,50.8895,32.92209040464717
67.13384,47.693638,32.92209043679181
96.08626,69.65599,32.92209046893645
91.598724,64.3347,32.92209050108109
66.64534,47.59809,32.92209053322573
68.371185,48.029675,32.92209056537037
94.883026,69.62184,32.92209059751501
94.20091,69.39569,32.92209062965965
107.209564,65.802795,32.92209066180429
64.80259,47.33123,32.92209069394893
106.30962,65.805176,32.92209072609357
78.06683,57.66564,32.922090758238205
108.362,66.33818,32.922090790382846
91.44267,63.656235,32.92209082252749
95.60663,69.68545,32.92209085467213
65.882416,47.47535,32.92209088681677
93.19939,68.57742,32.92209091896141
72.13528,50.91654,32.92209095110605
91.82323,65.26865,32.92209098325069
85.487236,57.315414,32.922091015395324
105.93381,65.864746,32.922091047539965
64.528496,47.296204,32.922091079684606
103.69304,66.60733,32.922091111829246
92.60803,67.61209,32.92209114397389
62.873985,47.052788,32.92209117611853
85.33308,57.323883,32.92209120826317
94.59474,69.549835,32.92209124040781
94.49611,69.517746,32.92209127255244
73.169815,52.52574,32.922091304697084
61.110256,46.627132,32.922091336841724
82.40662,57.68091,32.922091368986365
67.73822,47.837887,32.922091401131006
63.281425,47.12143,32.92209143327565
87.61714,57.49731,32.92209146542029
108.42828,66.40341,32.92209149756492
92.11984,66.333176,32.92209152970956
73.192955,52.56496,32.9220915618542
75.71009,56.2726,32.92209159399884
66.186676,47.5212,32.922091626143484
103.15089,66.84537,32.922091658288124
66.668106,47.6022,32.922091690432765
60.40222,46.37177,32.922091722577406
76.193886,56.70839,32.92209175472204
107.47508,65.855,32.92209178686668
108.17935,66.185455,32.92209181901132
93.34307,68.74523,32.92209185115596
68.42618,48.048702,32.9220918833006
73.4466,52.99876,32.92209191544524
63.97435,47.223145,32.922091947589884
93.482086,68.88845,32.922091979734525
84.689705,57.377327,32.92209201187916
78.00832,57.649353,32.9220920440238
89.36037,58.52517,32.92209207616844
94.20148,69.39596,32.92209210831308
90.89169,61.497574,32.92209214045772
86.18367,57.30478,32.92209217260236
71.80492,50.482746,32.922092204747
90.775856,61.130463,32.922092236891636
92.86107,68.087296,32.92209226903628
81.599075,57.783546,32.92209230118092
90.75035,61.053925,32.92209233332556
60.830315,46.53325,32.9220923654702
72.05026,50.8008,32.92209239761484
92.987236,68.287346,32.92209242975948
73.36859,52.86476,32.92209246190412
105.92935,65.865616,32.922092494048755
108.768776,66.850845,32.922092526193396
61.71777,46.80282,32.922092558338036
97.916435,69.20806,32.92209259048268
75.93578,56.487625,32.92209262262732
84.93327,57.354027,32.92209265477196
69.430305,48.479984,32.9220926869166
70.10975,48.8848,32.92209271906124
77.838104,57.597893,32.922092751205874
70.49333,49.16481,32.922092783350514
94.70233,69.58035,32.922092815495155
75.10361,55.586082,32.922092847639796
80.41974,57.880272,32.92209287978444
72.87217,52.03049,32.92209291192908
74.19339,54.261223,32.92209294407372
74.18218,54.24304,32.92209297621836
92.17143,66.495125,32.92209300836299
64.59721,47.30501,32.92209304050763
68.19987,47.972977,32.922093072652274
79.73636,57.88878,32.922093104796915
91.73172,64.89813,32.922093136941555
92.2511,66.73182,32.922093169086196
100.74252,67.99068,32.92209320123084
74.028275,53.989967,32.92209323337547
88.246544,57.727093,32.92209326552011
99.75615,68.453545,32.92209329766475
87.15074,57.393425,32.92209332980939
76.69203,57.06481,32.92209336195403
64.92896,47.34736,32.922093394098674
89.27333,58.437515,32.922093426243315
70.878716,49.49006,32.922093458387955
87.20424,57.40297,32.92209349053259
91.60666,64.36891,32.92209352267723
107.03839,65.784134,32.92209355482187
95.506256,69.68513,32.92209358696651
68.23434,47.984077,32.92209361911115
88.98692,58.18448,32.92209365125579
83.52255,57.52291,32.92209368340043
90.122345,59.58177,32.922093715545074
94.40691,69.48514,32.92209374768971
70.03012,48.83165,32.92209377983435
75.17955,55.680965,32.92209381197899
66.553894,47.581886,32.92209384412363
108.864975,67.02371,32.92209387626827
91.55096,64.12774,32.92209390841291
91.421776,63.56553,32.92209394055755
89.36453,58.529503,32.92209397270219
94.73946,69.58985,32.922094004846834
106.4857,65.7874,32.922094036991474
78.30089,57.724037,32.922094069136115
76.54207,56.966614,32.92209410128075
72.66122,51.69296,32.92209413342539
96.79643,69.5348,32.92209416557003
62.54285,46.99052,32.92209419771467
67.375626,47.74745,32.92209422985931
78.261475,57.71494,32.92209426200395
79.11521,57.85319,32.92209429414859
67.77287,47.847206,32.922094326293234
78.71129,57.80238,32.922094358437874
95.32165,69.67792,32.922094390582515
77.070885,57.28105,32.922094422727156
65.4919,47.42083,32.92209445487179
67.60761,47.803864,32.92209448701643
72.98577,52.217255,32.92209451916107
102.60158,67.09833,32.92209455130571
73.120895,52.44314,32.92209458345035
86.750656,57.33892,32.92209461559499
88.76584,58.021458,32.922094647739634
103.89983,66.52051,32.922094679884275
66.535675,47.578712,32.922094712028915
60.170826,46.274693,32.92209474417355
81.70554,57.771225,32.92209477631819
85.559296,57.312134,32.92209480846283
69.15602,48.34472,32.92209484060747
68.519165,48.081837,32.92209487275211
72.3642,51.242073,32.92209490489675
91.07444,62.14315,32.92209493704139
95.97797,69.6668,32.92209496918603
75.66506,56.227142,32.92209500133067
77.75311,57.56984,32.92209503347531
95.21683,69.669754,32.92209506561995
65.84555,47.470016,32.92209509776459
91.98027,65.86028,32.92209512990923
93.52475,68.928955,32.92209516205387
93.201996,68.58066,32.92209519419851
60.308304,46.333233,32.922095226343146
75.23153,55.744415,32.922095258487786
89.61097,58.810204,32.92209529063243
64.27618,47.263496,32.92209532277707
72.75043,51.8341,32.92209535492171
77.62056,57.52281,32.92209538706635
76.89872,57.18822,32.92209541921099
76.76975,57.112797,32.92209545135563
94.657684,69.56824,32.922095483500264
98.507935,68.98793,32.922095515644905
70.626236,49.271732,32.922095547789546
90.3494,60.032482,32.92209557993419
72.24121,51.064697,32.92209561207883
103.509415,66.686386,32.92209564422347
92.53045,67.44365,32.92209567636811
93.36183,68.76561,32.92209570851275
75.771255,56.33296,32.92209574065738
70.82008,49.437523,32.922095772802024
100.63961,68.039925,32.922095804946665
84.704735,57.375797,32.922095837091305
64.78026,47.32838,32.922095869235946
98.422134,69.02146,32.92209590138059
91.385315,63.407906,32.92209593352523
74.11646,54.135715,32.92209596566986
92.91069,68.16864,32.9220959978145
75.74894,56.31112,32.92209602995914
89.217636,58.384216,32.92209606210378
74.48731,54.72399,32.922096094248424
88.498215,57.85579,32.922096126393065
105.00969,66.10762,32.922096158537705
106.4875,65.787254,32.922096190682346
91.82186,65.26326,32.92209622282699
95.66847,69.68445,32.92209625497162
60.162483,46.271057,32.92209628711626
91.62011,64.42674,32.9220963192609
86.021736,57.302708,32.92209635140554
82.077225,57.72504,32.92209638355018
63.15209,47.100487,32.922096415694824
100.74265,67.990616,32.922096447839465
64.14195,47.245758,32.922096479984106
90.351776,60.03763,32.922096512128746
94.228836,69.409035,32.92209654427339
73.50292,53.095657,32.92209657641803
108.063095,66.105835,32.92209660856266
92.46005,67.28045,32.9220966407073
92.62915,67.65596,32.92209667285194
108.85826,67.01076,32.922096704996584
99.17049,68.71384,32.922096737141224
66.43058,47.56076,32.922096769285865
71.08151,49.680702,32.922096801430506
69.797035,48.68516,32.92209683357515
89.78822,59.045315,32.92209686571979
84.410904,57.40773,32.92209689786443
71.84494,50.533012,32.92209693000907
64.1899,47.25213,32.9220969621537
91.41643,63.542336,32.92209699429834
70.972946,49.576897,32.922097026442984
63.28233,47.12157,32.922097058587624
93.54112,68.94409,32.922097090732265
61.28032,46.680004,32.922097122876906
97.04733,69.474106,32.92209715502155
89.51759,58.697968,32.92209718716619
85.229065,57.330647,32.92209721931082
83.33177,57.549805,32.92209725145546
67.952774,47.89765,32.9220972836001
72.9345,52.132576,32.92209731574474
91.81212,65.22459,32.922097347889384
75.106705,55.589996,32.922097380034025
108.52591,66.51072,32.922097412178665
93.44847,68.85542,32.922097444323306
84.54432,57.39273,32.92209747646794
72.1177,50.892372,32.92209750861258
73.3323,52.80255,32.92209754075722
66.83591,47.633465,32.92209757290186
107.32171,65.821144,32.9220976050465
89.26429,58.42873,32.92209763719114
71.397316,50.00657,32.922097669335784
97.1004,69.460236,32.92209770148042
67.70071,47.827938,32.92209773362506
101.77201,67.49386,32.9220977657697
72.81671,51.940514,32.92209779791434
66.95492,47.656746,32.92209783005898
69.23573,48.382534,32.92209786220362
98.47505,69.00084,32.92209789434826
85.81798,57.304234,32.9220979264929
87.33624,57.429016,32.922097958637536
98.2495,69.087364,32.92209799078218
63.80892,47.200195,32.92209802292682
109.20957,67.968925,32.92209805507146
97.583694,69.31906,32.9220980872161
93.35503,68.758255,32.92209811936074
72.26632,51.100445,32.92209815150538
70.5163,49.18291,32.92209818365002
91.655624,64.57858,32.922098215794655
81.65439,57.7772,32.922098247939296
76.016754,56.559704,32.92209828008394
100.111855,68.2894,32.92209831222858
72.69365,51.743988,32.92209834437322
76.67657,57.055027,32.92209837651786
93.26558,68.65738,32.9220984086625
62.31653,46.94403,32.92209844080714
71.94115,50.656406,32.922098472951774
90.94959,61.69326,32.922098505096415
67.25657,47.720352,32.922098537241055
77.74708,57.567787,32.922098569385696
104.356155,66.33866,32.92209860153034
61.57074,46.763554,32.92209863367498
90.48378,60.339428,32.92209866581962
103.7578,66.57987,32.92209869796425
79.338486,57.871452,32.92209873010889
69.94244,48.774986,32.92209876225353
65.86302,47.472538,32.922098794398174
108.9728,67.25333,32.922098826542815
88.166626,57.691086,32.922098858687455
69.50011,48.5168,32.922098890832096
64.15734,47.247807,32.92209892297674
106.73876,65.77509,32.92209895512137
65.42354,47.411663,32.92209898726601
69.12091,48.328438,32.92209901941065
91.79831,65.169464,32.92209905155529
69.86907,48.72903,32.92209908369993
73.43703,52.982304,32.922099115844574
80.06997,57.890076,32.922099147989215
97.687965,69.285385,32.922099180133856
97.993706,69.18086,32.92209921227849
98.5002,68.99097,32.92209924442313
77.31186,57.396797,32.92209927656777
100.200325,68.248,32.92209930871241
84.696144,57.37667,32.92209934085705
63.052322,47.083813,32.92209937300169
108.931305,67.159836,32.922099405146334
91.39873,63.465813,32.922099437290974
70.67719,49.314163,32.92209946943561
78.95845,57.836323,32.92209950158025
77.1564,57.323967,32.92209953372489
72.75485,51.84118,32.92209956586953
93.89674,69.2225,32.92209959801417
75.85218,56.41043,32.92209963015881
91.99978,65.92945,32.92209966230345
100.40941,68.14945,32.922099694448086
75.82119,56.38108,32.92209972659273
100.068184,68.309746,32.92209975873737
69.27798,48.40306,32.92209979088201
68.08713,47.9377,32.92209982302665
76.1156,56.644176,32.92209985517129
70.59317,49.244633,32.92209988731593
75.14876,55.6428,32.92209991946057
72.93849,52.139145,32.922099951605205
61.160267,46.642998,32.922099983749845
89.36041,58.525215,32.922100015894486
77.92816,57.625885,32.92210004803913
70.95355,49.558777,32.92210008018377
95.34987,69.679596,32.92210011232841
60.296303,46.328224,32.92210014447305
68.79142,48.186165,32.92210017661769
73.007,52.252502,32.92210020876232
61.384605,46.710957,32.922100240906964
74.54482,54.811005,32.922100273051605
67.30939,47.732227,32.922100305196246
81.10942,57.833633,32.922100337340886
98.16553,69.11862,32.92210036948553
99.237015,68.685005,32.92210040163017
93.97147,69.27005,32.9221004337748
94.69014,69.57712,32.92210046591944
102.01866,67.37517,32.92210049806408
73.18266,52.54751,32.92210053020872
103.25039,66.80068,32.922100562353364
82.157135,57.71457,32.922100594498005
80.22011,57.88717,32.922100626642646
75.50197,56.05521,32.922100658787286
91.57112,64.21529,32.92210069093192
68.68808,48.145233,32.92210072307656
93.74347,69.11367,32.9221007552212
63.62567,47.173904,32.92210078736584
100.09355,68.29793,32.92210081951048
70.36545,49.066875,32.922100851655124
100.467865,68.12173,32.922100883799764
90.90519,61.54245,32.922100915944405
107.55025,65.87565,32.92210094808904
62.307518,46.94211,32.92210098023368
97.98268,69.18478,32.92210101237832
87.928406,57.596226,32.92210104452296
100.68833,68.01663,32.9221010766676
106.43484,65.7918,32.92210110881224
92.24896,66.72568,32.92210114095688
85.6312,57.30931,32.922101173101524
80.17133,57.888336,32.92210120524616
83.765945,57.48936,32.9221012373908
76.35103,56.83035,32.92210126953544
92.03361,66.04701,32.92210130168008
70.16311,48.92134,32.92210133382472
59.84809,46.126892,32.92210136596936
100.11781,68.28661,32.922101398114
91.96269,65.7971,32.922101430258635
80.11169,57.889473,32.922101462403276
81.57115,57.786705,32.92210149454792
65.22337,47.385292,32.92210152669256
75.76039,56.322357,32.9221015588372
89.13948,58.312866,32.92210159098184
64.263336,47.261814,32.92210162312648
94.64974,69.56601,32.92210165527112
103.55275,66.66757,32.922101687415754
108.47615,66.454254,32.922101719560395
83.710495,57.49691,32.922101751705036
90.38276,60.105675,32.922101783849676
85.36,57.322266,32.92210181599432
78.65645,57.79356,32.92210184813896
73.12688,52.453217,32.9221018802836
88.90617,58.12194,32.92210191242824
107.78821,65.96113,32.92210194457287
70.61375,49.261456,32.922101976717514
85.36729,57.32184,32.922102008862154
82.881134,57.614174,32.922102041006795
83.610146,57.51072,32.922102073151436
91.25486,62.856224,32.92210210529608
81.608475,57.78248,32.92210213744072
74.33641,54.489967,32.92210216958536
88.2097,57.71022,32.92210220172999
81.15067,57.829887,32.92210223387463
90.97745,61.79033,32.92210226601927
102.17592,67.29987,32.922102298163914
80.363945,57.88253,32.922102330308554
69.68271,48.618015,32.922102362453195
107.842575,65.98546,32.922102394597836
66.71343,47.610474,32.92210242674247
91.69191,64.732086,32.92210245888711
61.65624,46.786625,32.92210249103175
64.09157,47.239017,32.92210252317639
88.44267,57.82528,32.92210255532103
93.24431,68.63218,32.92210258746567
77.11195,57.301918,32.922102619610314
72.91082,52.093674,32.922102651754955
86.75098,57.338955,32.92210268389959
93.4509,68.85784,32.92210271604423
66.28649,47.537056,32.92210274818887
60.21954,46.29573,32.92210278033351
62.643364,47.010105,32.92210281247815
82.99758,57.597523,32.92210284462279
75.99763,56.542915,32.92210287676743
83.52044,57.523205,32.92210290891207
92.27011,66.78596,32.92210294105671
76.150826,56.67336,32.92210297320135
107.30673,65.81839,32.92210300534599
75.169586,55.66866,32.92210303749063
91.07968,62.16285,32.92210306963527
75.96593,56.514763,32.92210310177991
72.62758,51.64039,32.92210313392455
86.219795,57.305668,32.922103166069185
107.32276,65.82134,32.922103198213826
72.99829,52.238014,32.922103230358466
68.707596,48.152836,32.92210326250311
94.65467,69.5674,32.92210329464775
91.86037,65.41393,32.92210332679239
63.201546,47.10858,32.92210335893703
78.75449,57.80899,32.92210339108167
93.60872,69.004265,32.922103423226304
90.41127,60.169785,32.922103455370944
104.131004,66.426575,32.922103487515585
97.88172,69.22011,32.922103519660226
102.61474,67.092155,32.92210355180487
107.555756,65.87727,32.92210358394951
92.46695,67.2969,32.92210361609415
72.67619,51.716484,32.92210364823879
67.452995,47.76572,32.92210368038342
84.50014,57.397614,32.92210371252806
108.72133,66.77463,32.922103744672704
63.114395,47.094242,32.922103776817345
99.2739,68.66893,32.922103808961985
84.140175,57.440384,32.922103841106626
103.43147,66.72045,32.92210387325127
59.657204,46.032295,32.92210390539591
93.756195,69.12332,32.92210393754054
109.13145,67.68934,32.92210396968518
90.7854,61.1595,32.92210400182982
101.67897,67.53877,32.92210403397446
61.235565,46.66638,32.922104066119104
67.11559,47.689766,32.922104098263745
77.40126,57.435764,32.922104130408385
72.42838,51.336876,32.92210416255302
75.18578,55.68863,32.92210419469766
81.810165,57.75869,32.9221042268423
91.10602,62.26284,32.92210425898694
90.87813,61.452896,32.92210429113158
66.993416,47.664486,32.92210432327622
76.052086,56.59034,32.92210435542086
91.9487,65.74628,32.922104387565504
89.03765,58.22564,32.922104419710145
95.62015,69.6853,32.92210445185478
105.923256,65.8668,32.92210448399942
104.69525,66.21385,32.92210451614406
88.494125,57.853497,32.9221045482887
70.16757,48.924427,32.92210458043334
73.209045,52.592274,32.92210461257798
80.97919,57.844826,32.92210464472262
77.03718,57.26356,32.922104676867264
65.9922,47.491493,32.922104709011904
104.72093,66.20482,32.922104741156545
59.79893,46.103054,32.922104773301186
84.04517,57.452446,32.92210480544582
73.509964,53.107773,32.92210483759046
90.56827,60.549805,32.9221048697351
105.81155,65.88971,32.92210490187974
60.876972,46.549515,32.92210493402438
91.07358,62.1399,32.92210496616902
80.93023,57.848774,32.922104998313664
99.701614,68.47835,32.922105030458304
65.12425,47.372433,32.922105062602945
96.00299,69.664505,32.922105094747586
87.71003,57.5241,32.92210512689223
67.07552,47.681355,32.92210515903686
61.176346,46.64804,32.9221051911815
83.739655,57.49293,32.92210522332614
91.01076,61.90893,32.92210525547078
95.77666,69.68062,32.92210528761542
92.294785,66.85496,32.922105319760064
89.40667,58.574062,32.922105351904705
75.35142,55.886196,32.922105384049345
90.22649,59.778687,32.92210541619398
80.50059,57.87655,32.92210544833862
91.21184,62.680096,32.92210548048326
69.97291,48.79446,32.9221055126279
82.67561,57.64338,32.92210554477254
77.95511,57.633926,32.92210557691718
95.68245,69.684105,32.92210560906182
77.285355,57.384842,32.922105641206464
66.74251,47.615845,32.9221056733511
101.096756,67.82022,32.92210570549574
60.113205,46.24939,32.92210573764038
91.64017,64.51271,32.92210576978502
69.22031,48.375122,32.92210580192966
91.748474,64.967224,32.9221058340743
88.14487,57.681667,32.92210586621894
90.63152,60.716778,32.922105898363576
86.95507,57.36321,32.922105930508216
84.41672,57.407063,32.92210596265286
96.45621,69.603004,32.9221059947975
93.566376,68.967,32.92210602694214
77.953735,57.63352,32.92210605908678
62.79821,47.039093,32.92210609123142
76.28804,56.78256,32.92210612337606
65.886795,47.475983,32.922106155520694
72.85427,52.00136,32.922106187665335
91.0427,62.025208,32.922106219809976
108.36714,66.34303,32.92210625195462
91.52864,64.03064,32.92210628409926
66.40358,47.55624,32.9221063162439
96.25853,69.63428,32.92210634838854
70.447,49.12878,32.92210638053318
75.64543,56.207054,32.92210641267781
108.59761,66.59918,32.922106444822454
96.7626,69.542336,32.922106476967095
87.48485,57.46286,32.922106509111735
91.92407,65.65557,32.922106541256376
91.267975,62.910576,32.92210657340102
94.64448,69.56451,32.92210660554566
77.05267,57.271645,32.9221066376903
90.7422,61.029804,32.92210666983493
91.84317,65.34709,32.92210670197957
103.16905,66.83717,32.92210673412421
82.528534,57.66403,32.922106766268854
90.1554,59.64258,32.922106798413495
62.003117,46.873657,32.922106830558135
73.24899,52.66022,32.922106862702776
62.124397,46.901768,32.92210689484742
60.7592,46.507973,32.92210692699206
94.8665,69.61853,32.92210695913669
69.8923,48.74344,32.92210699128133
94.341606,69.458984,32.92210702342597
68.44489,48.055275,32.92210705557061
92.46763,67.2985,32.922107087715254
90.489876,60.354137,32.922107119859895
92.59261,67.57953,32.922107152004536
91.9769,65.848236,32.922107184149176
71.54891,50.17617,32.92210721629382
75.39253,55.93335,32.92210724843846
87.49829,57.466167,32.9221072805831
71.9706,50.694912,32.92210731272773
97.923706,69.20552,32.92210734487237
61.87644,46.843052,32.922107377017014
69.403595,48.466164,32.922107409161654
81.06829,57.837276,32.922107441306295
70.98824,49.591274,32.922107473450936
73.81903,53.6377,32.92210750559558
69.648605,48.59856,32.92210753774022
73.7171,53.463707,32.92210756988486
90.81778,61.259613,32.9221076020295
91.68062,64.68451,32.92210763417414
86.332214,57.30947,32.92210766631877
92.65396,67.70644,32.922107698463414
107.41029,65.83939,32.922107730608055
92.45552,67.26959,32.922107762752695
71.78009,50.45189,32.922107794897336
87.00354,57.370033,32.92210782704198
60.457184,46.393784,32.92210785918662
75.3225,55.852585,32.92210789133125
60.64668,46.466747,32.92210792347589
93.506226,68.91156,32.92210795562053
68.08054,47.935688,32.92210798776517
70.64191,49.28469,32.922108019909814
91.48657,63.847363,32.922108052054455
102.22362,67.277115,32.922108084199095
92.74861,67.88919,32.922108116343736
72.59971,51.597115,32.92210814848837
104.50883,66.281265,32.92210818063301
82.30322,57.69502,32.92210821277765
100.97779,67.877594,32.92210824492229
91.70195,64.774185,32.92210827706693
105.71134,65.91201,32.92210830921157
93.10398,68.45364,32.922108341356214
75.091415,55.570618,32.922108373500855
75.30684,55.83423,32.92210840564549
109.13041,67.68598,32.92210843779013
85.9569,57.30271,32.92210846993477
102.94177,66.94049,32.92210850207941
76.47626,56.921112,32.92210853422405
66.10071,47.50788,32.92210856636869
97.48706,69.349304,32.92210859851333
84.73065,57.37318,32.922108630657966
85.84524,57.303776,32.92210866280261
90.333084,59.997368,32.92210869494725
60.53498,46.424286,32.92210872709189
74.271736,54.38732,32.92210875923653
65.07225,47.36573,32.92210879138117
98.125984,69.13316,32.92210882352581
73.800125,53.60552,32.92210885567045
85.27851,57.32733,32.922108887815085
90.61484,60.6719,32.922108919959726
72.66233,51.69471,32.92210895210437
100.50184,68.10559,32.92210898424901
69.153114,48.34336,32.92210901639365
81.35635,57.809837,32.92210904853829
63.20701,47.10947,32.92210908068293
74.22901,54.31878,32.92210911282757
62.431854,46.968147,32.922109144972204
74.829315,55.22218,32.922109177116845
74.090576,54.093124,32.922109209261485
65.12889,47.37303,32.922109241406126
102.88513,66.96653,32.92210927355077
92.73552,67.864815,32.92210930569541
59.73239,46.07021,32.92210933784005
91.28689,62.98943,32.92210936998469
106.53476,65.78374,32.92210940212932
104.83371,66.165855,32.92210943427396
73.09972,52.407494,32.922109466418604
74.73898,55.095226,32.922109498563245
100.25046,68.22447,32.922109530707885
93.471634,68.878296,32.922109562852526
91.42465,63.577984,32.92210959499717
108.54666,66.53543,32.9221096271418
98.45443,69.008896,32.92210965928644
106.14746,65.8275,32.92210969143108
88.2454,57.726562,32.92210972357572
89.54272,58.727425,32.92210975572036
94.18139,69.386116,32.922109787865004
69.857796,48.722084,32.922109820009645
93.48164,68.888016,32.922109852154286
102.95475,66.93455,32.92210988429892
108.14934,66.1637,32.92210991644356
60.91282,46.561836,32.9221099485882
72.97995,52.20761,32.92210998073284
69.18533,48.35849,32.92211001287748
82.45297,57.67452,32.92211004502212
75.40475,55.94721,32.922110077166764
94.70668,69.5815,32.922110109311404
66.38989,47.553963,32.92211014145604
85.68559,57.307487,32.92211017360068
91.82716,65.28422,32.92211020574532
89.7041,58.929947,32.92211023788996
67.60827,47.80403,32.9221102700346
95.1492,69.66282,32.92211030217924
71.771065,50.44073,32.92211033432388
89.18031,58.34965,32.92211036646852
70.97144,49.575485,32.92211039861316
91.24528,62.8167,32.9221104307578
71.59446,50.228844,32.92211046290244
89.76611,59.014305,32.92211049504708
60.1482,46.264812,32.92211052719172
90.41255,60.17267,32.92211055933636
72.2048,51.013283,32.922110591481
103.00715,66.91058,32.922110623625635
94.840866,69.613205,32.922110655770275
67.78788,47.85128,32.922110687914916
68.921295,48.24004,32.92211072005956
65.37079,47.40465,32.9221107522042
79.12666,57.85429,32.92211078434884
70.87838,49.489754,32.92211081649348
62.683712,47.017796,32.92211084863812
87.21895,57.405693,32.92211088078275
79.231995,57.86356,32.922110912927394
85.43817,57.3179,32.922110945072035
83.24183,57.5626,32.922110977216676
71.28004,49.8813,32.922111009361316
63.85177,47.206207,32.92211104150596
73.643036,53.33666,32.9221110736506
74.49638,54.73781,32.92211110579524
62.014904,46.876442,32.92211113793987
76.85078,57.16078,32.92211117008451
106.00844,65.850784,32.92211120222915
89.04281,58.229904,32.922111234373794
66.20708,47.524403,32.922111266518435
73.70315,53.4398,32.922111298663076
90.344604,60.022118,32.92211133080772
77.9424,57.63015,32.92211136295235
72.10098,50.869507,32.92211139509699
88.27256,57.739296,32.92211142724163
86.03778,57.30278,32.92211145938627
106.53433,65.78376,32.92211149153091
90.515915,60.417786,32.922111523675554
76.8132,57.138786,32.922111555820194
96.25579,69.63467,32.922111587964835
89.20851,58.375675,32.92211162010947
84.65648,57.380756,32.92211165225411
69.06832,48.30447,32.92211168439875
88.200775,57.706203,32.92211171654339
68.87168,48.219135,32.92211174868803
70.08375,48.867264,32.92211178083267
102.697266,67.05359,32.92211181297731
103.79439,66.56447,32.922111845121954
79.02786,57.844223,32.92211187726659
91.960556,65.78938,32.92211190941123
67.67479,47.82115,32.92211194155587
108.290955,66.274345,32.92211197370051
77.75396,57.57013,32.92211200584515
105.92259,65.86693,32.92211203798979
65.65896,47.44366,32.92211207013443
74.81486,55.202095,32.92211210227907
91.2688,62.913998,32.922112134423706
74.90337,55.32367,32.92211216656835
65.2675,47.391052,32.92211219871299
74.96747,55.40959,32.92211223085763
81.52294,57.792076,32.92211226300227
72.29049,51.135082,32.92211229514691
63.81196,47.200623,32.92211232729155
92.368774,67.053085,32.922112359436184
73.19418,52.56704,32.922112391580825
67.026276,47.671177,32.922112423725466
72.813805,51.935818,32.922112455870106
91.527756,64.02682,32.92211248801475
91.381546,63.39167,32.92211252015939
75.74131,56.303604,32.92211255230403
66.84778,47.635742,32.92211258444867
75.32935,55.860588,32.9221126165933
90.15506,59.641937,32.922112648737944
78.43132,57.752106,32.922112680882584
67.4036,47.753998,32.922112713027225
79.44348,57.87784,32.922112745171866
72.78293,51.886124,32.92211277731651
63.497665,47.1549,32.92211280946115
78.452,57.75628,32.92211284160579
74.60514,54.90091,32.92211287375042
70.95133,49.55671,32.92211290589506
63.405975,47.14093,32.9221129380397
62.25726,46.931282,32.922112970184344
103.14009,66.850235,32.922113002328985
93.87184,69.20588,32.922113034473625
71.068146,49.667698,32.922113066618266
91.745514,64.955055,32.92211309876291
92.397835,67.12747,32.92211313090754
79.49245,57.880356,32.92211316305218
67.439514,47.762497,32.92211319519682
89.4984,58.67582,32.92211322734146
65.85608,47.471535,32.9221132594861
88.19357,57.702984,32.922113291630744
100.70323,68.0095,32.922113323775385
75.34665,55.880684,32.92211335592002
92.35115,67.007034,32.92211338806466
74.65145,54.968967,32.9221134202093
107.554955,65.87704,32.92211345235394
82.36133,57.687115,32.92211348449858
64.15521,47.24752,32.92211351664322
99.85594,68.40788,32.92211354878786
86.2427,57.306313,32.9221135809325
71.23525,49.83481,32.92211361307714
62.012077,46.875774,32.92211364522178
88.08503,57.65656,32.92211367736642
90.30103,59.9297,32.92211370951106
97.50038,69.34519,32.9221137416557
78.20935,57.702457,32.92211377380034
89.69249,58.914574,32.92211380594498
77.78333,57.579998,32.92211383808962
102.222565,67.27762,32.922113870234256
103.37663,66.7446,32.9221139023789
88.05079,57.642715,32.92211393452354
61.323864,46.69306,32.92211396666818
99.09203,68.74754,32.92211399881282
63.55176,47.163,32.92211403095746
61.390564,46.712692,32.9221140631021
91.99266,65.904305,32.922114095246734
85.971016,57.302673,32.922114127391374
76.34292,56.824272,33.35564934358136
85.57265,57.311577,34.42142336983814
60.723568,46.495083,35.487197396094736
75.2715,55.7924,36.55297142235151
90.50387,60.388172,37.618745448608294
71.57442,50.20557,38.68451947486489
107.392746,65.8355,39.75029350112167
64.48219,47.29025,40.816067527378266
86.88357,57.353905,41.88184155363505
69.25433,48.391533,42.947615579891824
108.74148,66.806335,44.01338960614842
103.59305,66.650154,45.0791636324052
70.04951,48.84444,46.1449376586618
74.51631,54.76802,47.21071168491858
86.23917,57.30621,48.276485711175354
88.88016,58.102543,49.34225973743196
72.96931,52.189995,50.408033763688735
62.359524,46.95313,51.47380778994533
61.24078,46.66798,52.539581816202116
74.017296,53.9717,53.60535584245889
84.35088,57.41473,54.67112986871549
99.65326,68.50026,55.736903894972265
66.53338,47.578316,56.80267792122886
83.44702,57.53351,57.86845194748564
63.372417,47.135735,58.93422597374242
66.02347,47.49617,59.9999999999992
